,book,character
0,Gardens of the Moon,Tattersail
1,Gardens of the Moon,Hairlock
2,Gardens of the Moon,Calot
3,Gardens of the Moon,Toc the Younger
4,Gardens of the Moon,Sergeant Whiskeyjack
5,Gardens of the Moon,Corporal Kalam
6,Gardens of the Moon,Quick Ben
7,Gardens of the Moon,Sorry
8,Gardens of the Moon,Hedge
9,Gardens of the Moon,Fiddler
10,Gardens of the Moon,Trotts
11,Gardens of the Moon,Mallet
12,Gardens of the Moon,Sergeant Antsy
13,Gardens of the Moon,Picker
14,Gardens of the Moon,Ganoes Stabro Paran
15,Gardens of the Moon,Dujek Onearm
16,Gardens of the Moon,Tayschrenn
17,Gardens of the Moon,Bellurdan
18,Gardens of the Moon,Nightchill
19,Gardens of the Moon,A'Karonys
20,Gardens of the Moon,Lorn
21,Gardens of the Moon,Topper
22,Gardens of the Moon,Empress Laseen
23,Gardens of the Moon,Tavore
24,Gardens of the Moon,Felisin
25,Gardens of the Moon,Gamet
26,Gardens of the Moon,Emperor Kellanved
27,Gardens of the Moon,Dancer
28,Gardens of the Moon,Surly
29,Gardens of the Moon,Dassem Ultor
30,Gardens of the Moon,Toc (the Elder)
31,Gardens of the Moon,Kruppe
32,Gardens of the Moon,Crokus Younghand
33,Gardens of the Moon,Rallick Nom
34,Gardens of the Moon,Murillio
35,Gardens of the Moon,Coll
36,Gardens of the Moon,Meese
37,Gardens of the Moon,Irilta
38,Gardens of the Moon,Scurve
39,Gardens of the Moon,Sulty
40,Gardens of the Moon,Chert
41,Gardens of the Moon,Baruk
42,Gardens of the Moon,Derudan
43,Gardens of the Moon,Mammot
44,Gardens of the Moon,Travale
45,Gardens of the Moon,Tholis
46,Gardens of the Moon,Parald
47,Gardens of the Moon,Turban Orr
48,Gardens of the Moon,Lim
49,Gardens of the Moon,Simtal
50,Gardens of the Moon,Estraysian D'Arle
51,Gardens of the Moon,Challice D'Arle
52,Gardens of the Moon,Vorcan
53,Gardens of the Moon,Ocelot
54,Gardens of the Moon,Talo Krafar
55,Gardens of the Moon,Krute of Talient
56,Gardens of the Moon,The Eel
57,Gardens of the Moon,Circle Breaker
58,Gardens of the Moon,Vildron
59,Gardens of the Moon,Captain Stillis
60,Gardens of the Moon,Anomander Rake
61,Gardens of the Moon,Serrat
62,Gardens of the Moon,Korlat
63,Gardens of the Moon,Orfantal
64,Gardens of the Moon,Horult
65,Gardens of the Moon,Logros
66,Gardens of the Moon,Onos T'oolan
67,Gardens of the Moon,Pran Chole
68,Gardens of the Moon,Kig Aven
69,Gardens of the Moon,Crone
70,Gardens of the Moon,Silanah
71,Gardens of the Moon,Raest
72,Gardens of the Moon,K'rul
73,Gardens of the Moon,Caladan Brood
74,Gardens of the Moon,Kallor
75,Gardens of the Moon,Prince K'azz D'Avore
76,Gardens of the Moon,Jorrick Sharplance
77,Gardens of the Moon,Cowl
78,Gardens of the Moon,Corporal Blues
79,Gardens of the Moon,Fingers
80,Gardens of the Moon,The Hound Baran
81,Gardens of the Moon,The Hound Blind
82,Gardens of the Moon,The Hound Gear
83,Gardens of the Moon,The Hound Rood
84,Gardens of the Moon,The Hound Shan
85,Gardens of the Moon,The Hound Doan
86,Gardens of the Moon,The Hound Ganrod
87,Gardens of the Moon,Shadowthrone/Ammanas
88,Gardens of the Moon,The Rope/Cotillion
89,Gardens of the Moon,Icarium
90,Gardens of the Moon,Mappo
91,Gardens of the Moon,The Pannion Seer
92,Deadhouse Gates,Icarium
93,Deadhouse Gates,Mappo
94,Deadhouse Gates,Iskaral Pust
95,Deadhouse Gates,Ryllandaras
96,Deadhouse Gates,Messremb
97,Deadhouse Gates,Gryllen
98,Deadhouse Gates,Mogora
99,Deadhouse Gates,Felisin
100,Deadhouse Gates,Heboric Light Touch
101,Deadhouse Gates,Baudin
102,Deadhouse Gates,Fiddler
103,Deadhouse Gates,Crokus
104,Deadhouse Gates,Apsalar
105,Deadhouse Gates,Kalam
106,Deadhouse Gates,Duiker
107,Deadhouse Gates,Kulp
108,Deadhouse Gates,Mallick Rel
109,Deadhouse Gates,Sawark
110,Deadhouse Gates,Pella
111,Deadhouse Gates,Pormqual
112,Deadhouse Gates,Blistig
113,Deadhouse Gates,Topper
114,Deadhouse Gates,Lull
115,Deadhouse Gates,Chenned
116,Deadhouse Gates,Sulmar
117,Deadhouse Gates,List
118,Deadhouse Gates,Mincer
119,Deadhouse Gates,Cuttle
120,Deadhouse Gates,Gesler
121,Deadhouse Gates,Stormy
122,Deadhouse Gates,Truth
123,Deadhouse Gates,Squint
124,Deadhouse Gates,Pearl
125,Deadhouse Gates,Captain Keneb
126,Deadhouse Gates,Selv
127,Deadhouse Gates,Minala
128,Deadhouse Gates,Kesen
129,Deadhouse Gates,Vaneb
130,Deadhouse Gates,Captain
131,Deadhouse Gates,Bent
132,Deadhouse Gates,Roach
133,Deadhouse Gates,Coltaine
134,Deadhouse Gates,Temul
135,Deadhouse Gates,Sormo E'nath
136,Deadhouse Gates,Nil
137,Deadhouse Gates,Nether
138,Deadhouse Gates,Bult
139,Deadhouse Gates,Baria Setral
140,Deadhouse Gates,Mesker Setral
141,Deadhouse Gates,Tene Baralta
142,Deadhouse Gates,Aralt Arpat
143,Deadhouse Gates,Lostara Yil
144,Deadhouse Gates,Nethpara
145,Deadhouse Gates,Lenestro
146,Deadhouse Gates,Pullyk Alar
147,Deadhouse Gates,Tumlit
148,Deadhouse Gates,Sha'ik
149,Deadhouse Gates,Leoman
150,Deadhouse Gates,Toblakai
151,Deadhouse Gates,Febryl
152,Deadhouse Gates,Korbolo Dom
153,Deadhouse Gates,Kamist Reloe
154,Deadhouse Gates,L'oric
155,Deadhouse Gates,Bidithal
156,Deadhouse Gates,Mebra
157,Deadhouse Gates,Salk Elan
158,Deadhouse Gates,Shan
159,Deadhouse Gates,Gear
160,Deadhouse Gates,Blind
161,Deadhouse Gates,Baran
162,Deadhouse Gates,Rood
163,Deadhouse Gates,Moby
164,Deadhouse Gates,Hentos Ilm
165,Deadhouse Gates,Legana Breed
166,Deadhouse Gates,Olar Ethil
167,Deadhouse Gates,Kimloc
168,Deadhouse Gates,Beneth
169,Deadhouse Gates,Irp
170,Deadhouse Gates,Rudd
171,Deadhouse Gates,Apt
172,Deadhouse Gates,Panek
173,Deadhouse Gates,Karpolan Demesand
174,Deadhouse Gates,Bula
175,Deadhouse Gates,Cotillion
176,Deadhouse Gates,Shadowthrone
177,Deadhouse Gates,Rellock
178,Memories of Ice,Gruntle
179,Memories of Ice,Stonny Menackis
180,Memories of Ice,Harllo
181,Memories of Ice,Buke
182,Memories of Ice,Bauchelain
183,Memories of Ice,Korbal Broach
184,Memories of Ice,Emancipor Reese
185,Memories of Ice,Keruli
186,Memories of Ice,Marble
187,Memories of Ice,Brukhalian
188,Memories of Ice,Itkovian
189,Memories of Ice,Karnadas
190,Memories of Ice,Recruit Velbara
191,Memories of Ice,Master Sergeant Norul
192,Memories of Ice,Farakalian
193,Memories of Ice,Nakalian
194,Memories of Ice,Torun
195,Memories of Ice,Sidlis
196,Memories of Ice,Nilbanas
197,Memories of Ice,Jelarkan
198,Memories of Ice,Arard
199,Memories of Ice,Rath'Fener
200,Memories of Ice,Rath'Shadowthrone
201,Memories of Ice,Rath'Queen of Dreams
202,Memories of Ice,Rath'Hood
203,Memories of Ice,Rath'D'rek
204,Memories of Ice,Rath'Trake
205,Memories of Ice,Rath'Burn
206,Memories of Ice,Rath'Togg
207,Memories of Ice,Rath'Fanderay
208,Memories of Ice,Rath'Dessembrae
209,Memories of Ice,Rath'Oponn
210,Memories of Ice,Rath'Beru
211,Memories of Ice,Dujek Onearm
212,Memories of Ice,Whiskeyjack
213,Memories of Ice,Twist
214,Memories of Ice,Artanthos
215,Memories of Ice,Barack
216,Memories of Ice,Hareb
217,Memories of Ice,Ganoes Paran
218,Memories of Ice,Antsy
219,Memories of Ice,Picker
220,Memories of Ice,Detoran
221,Memories of Ice,Spindle
222,Memories of Ice,Blend
223,Memories of Ice,Mallet
224,Memories of Ice,Hedge
225,Memories of Ice,Trotts
226,Memories of Ice,Quick Ben
227,Memories of Ice,Aimless
228,Memories of Ice,Bucklund
229,Memories of Ice,Runter
230,Memories of Ice,Mulch
231,Memories of Ice,Bluepearl
232,Memories of Ice,Shank
233,Memories of Ice,Toes
234,Memories of Ice,Caladan Brood
235,Memories of Ice,Anomander Rake
236,Memories of Ice,Kallor
237,Memories of Ice,The Mhybe
238,Memories of Ice,Silverfox
239,Memories of Ice,Korlat
240,Memories of Ice,Orfantal
241,Memories of Ice,Hurlochel
242,Memories of Ice,Crone
243,Memories of Ice,Humbrall Taur
244,Memories of Ice,Hetan
245,Memories of Ice,Cafal
246,Memories of Ice,Netok
247,Memories of Ice,Coll
248,Memories of Ice,Estraysian D'Arle
249,Memories of Ice,Baruk
250,Memories of Ice,Kruppe
251,Memories of Ice,Murillio
252,Memories of Ice,Kron
253,Memories of Ice,Cannig Tol
254,Memories of Ice,Bek Okhan
255,Memories of Ice,Pran Chole
256,Memories of Ice,Okral Lom
257,Memories of Ice,Bendal Home
258,Memories of Ice,Ay Estos
259,Memories of Ice,Olar Ethil
260,Memories of Ice,"Tool, the Shorn"
261,Memories of Ice,Kilava
262,Memories of Ice,Lanas Tog
263,Memories of Ice,The Seer
264,Memories of Ice,Ultentha
265,Memories of Ice,Kulpath
266,Memories of Ice,Inal
267,Memories of Ice,Anaster
268,Memories of Ice,Seerdomin Kahlt
269,Memories of Ice,K'rul
270,Memories of Ice,Draconus
271,Memories of Ice,Sister of Cold Nights
272,Memories of Ice,Lady Envy
273,Memories of Ice,Gethol
274,Memories of Ice,Treach
275,Memories of Ice,Toc the Younger
276,Memories of Ice,Garath
277,Memories of Ice,Baaljagg
278,Memories of Ice,Mok
279,Memories of Ice,Thurule
280,Memories of Ice,Senu
281,Memories of Ice,The Chained One
282,Memories of Ice,The Witch of Tennes
283,Memories of Ice,Munug
284,Memories of Ice,Talamandas
285,Memories of Ice,Ormulogun
286,Memories of Ice,Gumble
287,Memories of Ice,Haradas
288,Memories of Ice,Azra Jael
289,Memories of Ice,Straw
290,Memories of Ice,Sty
291,Memories of Ice,Stump
292,Memories of Ice,Jib Bole
293,House of Chains,Karsa Orlong
294,House of Chains,Bairoth Gild
295,House of Chains,Delum Thord
296,House of Chains,Dayliss
297,House of Chains,Pahlk
298,House of Chains,Synyg
299,House of Chains,Adjunct Tavore
300,House of Chains,Fist Gamet/Gimlet
301,House of Chains,T'amber
302,House of Chains,Fist Tene Baralta
303,House of Chains,Fist Blistig
304,House of Chains,Captain Keneb
305,House of Chains,Grub
306,House of Chains,Admiral Nok
307,House of Chains,Commander Alardis
308,House of Chains,Nil
309,House of Chains,Nether
310,House of Chains,Temul
311,House of Chains,Squint
312,House of Chains,Pearl
313,House of Chains,Lostara Yil
314,House of Chains,Gall
315,House of Chains,Imrahl
316,House of Chains,Topper
317,House of Chains,Lieutenant Ranal
318,House of Chains,Sergeant Strings
319,House of Chains,Sergeant Gesler
320,House of Chains,Sergeant Borduke
321,House of Chains,Corporal Tarr
322,House of Chains,Corporal Stormy
323,House of Chains,Corporal Hubb
324,House of Chains,Bottle
325,House of Chains,Smiles
326,House of Chains,Koryk
327,House of Chains,Cuttle
328,House of Chains,Truth
329,House of Chains,Pella
330,House of Chains,Tavos Pond
331,House of Chains,Sands
332,House of Chains,Balgrid
333,House of Chains,Ibb
334,House of Chains,Maybe
335,House of Chains,Lutes
336,House of Chains,Sergeant Mosel
337,House of Chains,Sergeant Sobelone
338,House of Chains,Sergeant Tugg
339,House of Chains,Flashwit
340,House of Chains,Uru Hela
341,House of Chains,Bowl
342,House of Chains,Shortnose
343,House of Chains,Sergeant Balm
344,House of Chains,Sergeant Moak
345,House of Chains,Sergeant Thom Tissy
346,House of Chains,Corporal Deadsmell
347,House of Chains,Corporal Burnt
348,House of Chains,Corporal Tulip
349,House of Chains,Throatslitter
350,House of Chains,Widdershins
351,House of Chains,Galt
352,House of Chains,Lobe
353,House of Chains,Stacker
354,House of Chains,Ramp
355,House of Chains,Able
356,House of Chains,Sergeant Cord
357,House of Chains,Ebron
358,House of Chains,Limp
359,House of Chains,Bell
360,House of Chains,Corporal Shard
361,House of Chains,Captain Kindly
362,House of Chains,Lieutenant Pores
363,House of Chains,Jibb
364,House of Chains,Gullstream
365,House of Chains,Scrawl
366,House of Chains,Master Sergeant Braven Tooth
367,House of Chains,Captain Irriz
368,House of Chains,Sinn
369,House of Chains,Gentur
370,House of Chains,Mudslinger
371,House of Chains,Hawl
372,House of Chains,Slavemaster Silgar
373,House of Chains,Damisk
374,House of Chains,Balantis
375,House of Chains,Astabb
376,House of Chains,Borrug
377,House of Chains,Torvald Nom
378,House of Chains,Calm
379,House of Chains,Ganal
380,House of Chains,Sha'ik
381,House of Chains,Felisin Younger
382,House of Chains,Toblakai
383,House of Chains,Leoman of the Flails
384,House of Chains,High Mage L'oric
385,House of Chains,High Mage Bidithal
386,House of Chains,High Mage Febryl
387,House of Chains,Heboric Ghost Hands
388,House of Chains,Kamist Reloe
389,House of Chains,Henaras
390,House of Chains,Fayelle
391,House of Chains,Mathok
392,House of Chains,T'morol
393,House of Chains,Corabb Bhilan Thenu'alas
394,House of Chains,Scillara
395,House of Chains,Duryl
396,House of Chains,Ethume
397,House of Chains,Korbolo Dom
398,House of Chains,Kasanal
399,House of Chains,Kalam Mekhar
400,House of Chains,Trull Sengar
401,House of Chains,Onrack
402,House of Chains,Cutter
403,House of Chains,Apsalar
404,House of Chains,Rellock
405,House of Chains,Cotillion
406,House of Chains,Traveller
407,House of Chains,Rood
408,House of Chains,Blind
409,House of Chains,Darist
410,House of Chains,Ba'ienrok (Keeper)
411,House of Chains,Ibra Gholan
412,House of Chains,Monok Ochem
413,House of Chains,Haran Epal
414,House of Chains,Olar Shayn
415,House of Chains,Greyfrog
416,House of Chains,Apt
417,House of Chains,Azalan
418,House of Chains,Panek
419,House of Chains,Mebra
420,House of Chains,Iskaral Pust
421,House of Chains,Mogora
422,House of Chains,Cynnigig
423,House of Chains,Phyrlis
424,House of Chains,Aramala
425,House of Chains,Icarium
426,House of Chains,Mappo Runt
427,House of Chains,Jorrude
428,House of Chains,Malachar
429,House of Chains,Enias
430,House of Chains,Orenas
431,Midnight Tides,Tomad Sengar
432,Midnight Tides,Uruth
433,Midnight Tides,Fear Sengar
434,Midnight Tides,Trull Sengar
435,Midnight Tides,Binadas Sengar
436,Midnight Tides,Rhulad Sengar
437,Midnight Tides,Mayen
438,Midnight Tides,Hannan Mosag
439,Midnight Tides,Theradas Buhn
440,Midnight Tides,Midik Buhn
441,Midnight Tides,Badar
442,Midnight Tides,Rethal
443,Midnight Tides,Canarth
444,Midnight Tides,Choram Irard
445,Midnight Tides,Kholb Harat
446,Midnight Tides,Matra Brith
447,Midnight Tides,Udinaas
448,Midnight Tides,Feather Witch
449,Midnight Tides,Hulad
450,Midnight Tides,Virrick
451,Midnight Tides,Ezgara Diskanar
452,Midnight Tides,Janall
453,Midnight Tides,Quillas Diskanar
454,Midnight Tides,Unnutal Hebaz
455,Midnight Tides,Brys Beddict
456,Midnight Tides,Moroch Nevath
457,Midnight Tides,Kuru Qan
458,Midnight Tides,Nisall
459,Midnight Tides,Turudal Brizad
460,Midnight Tides,Nifadas
461,Midnight Tides,Gerun Eberict
462,Midnight Tides,Triban Gnol
463,Midnight Tides,Laerdas
464,Midnight Tides,Buruk the Pale
465,Midnight Tides,Seren Pedac
466,Midnight Tides,Hull Beddict
467,Midnight Tides,Nekal Bara
468,Midnight Tides,Arahathan
469,Midnight Tides,Enedictal
470,Midnight Tides,Yan Tovis (Twilight)
471,Midnight Tides,Tehol Beddict
472,Midnight Tides,Hejun
473,Midnight Tides,Rissarh
474,Midnight Tides,Shand
475,Midnight Tides,Chalas
476,Midnight Tides,Biri
477,Midnight Tides,Huldo
478,Midnight Tides,Bugg
479,Midnight Tides,Ublala Pung
480,Midnight Tides,Harlest
481,Midnight Tides,Ormly
482,Midnight Tides,Rucket
483,Midnight Tides,Bubyrd
484,Midnight Tides,Glisten
485,Midnight Tides,Ruby
486,Midnight Tides,Onyx
487,Midnight Tides,Scint
488,Midnight Tides,Kettle
489,Midnight Tides,Shurq Elalle
490,Midnight Tides,Selush
491,Midnight Tides,Padderunt
492,Midnight Tides,Urul
493,Midnight Tides,Inchers
494,Midnight Tides,Hulbat
495,Midnight Tides,Turble
496,Midnight Tides,Unn
497,Midnight Tides,Delisp
498,Midnight Tides,Prist
499,Midnight Tides,Strong Rall
500,Midnight Tides,Green Pig
501,Midnight Tides,Withal
502,Midnight Tides,Rind
503,Midnight Tides,Mape
504,Midnight Tides,Pule
505,Midnight Tides,The One Within
506,Midnight Tides,Silchas Ruin
507,Midnight Tides,Scabandari Bloodeye
508,Midnight Tides,Gothos
509,Midnight Tides,Rud Elalle
510,Midnight Tides,Iron Bars
511,Midnight Tides,Corlo
512,Midnight Tides,Halfpeck
513,Midnight Tides,Ulshun Pral
514,The Bonehunters,Empress Laseen
515,The Bonehunters,Adjunct Tavore
516,The Bonehunters,Keneb
517,The Bonehunters,Blistig
518,The Bonehunters,Tene Baralta
519,The Bonehunters,Temul
520,The Bonehunters,Nil
521,The Bonehunters,Nether
522,The Bonehunters,T'amber
523,The Bonehunters,Lostara Yil
524,The Bonehunters,Pearl
525,The Bonehunters,Nok
526,The Bonehunters,Banaschar
527,The Bonehunters,Hellian
528,The Bonehunters,Urb
529,The Bonehunters,Brethless
530,The Bonehunters,Touchy
531,The Bonehunters,Quick Ben
532,The Bonehunters,Kalam Mekhar
533,The Bonehunters,Grub
534,The Bonehunters,Kindly
535,The Bonehunters,Pores
536,The Bonehunters,Faradan Sort
537,The Bonehunters,Fiddler/Strings
538,The Bonehunters,Tarr
539,The Bonehunters,Cuttle
540,The Bonehunters,Bottle
541,The Bonehunters,Koryk
542,The Bonehunters,Smiles
543,The Bonehunters,Gesler
544,The Bonehunters,Stormy
545,The Bonehunters,Braven Tooth
546,The Bonehunters,Maybe
547,The Bonehunters,Lutes
548,The Bonehunters,Ebron
549,The Bonehunters,Sinn
550,The Bonehunters,Crump
551,The Bonehunters,Balm
552,The Bonehunters,Deadsmell
553,The Bonehunters,Throatslitter
554,The Bonehunters,Masan Gilani
555,The Bonehunters,Barathol Mekhar
556,The Bonehunters,Kulat
557,The Bonehunters,Nulliss
558,The Bonehunters,Hayrith
559,The Bonehunters,Chaur
560,The Bonehunters,Noto Boil
561,The Bonehunters,Hurlochel
562,The Bonehunters,Sweetcreek
563,The Bonehunters,Futhgar
564,The Bonehunters,Rythe Bude
565,The Bonehunters,Ormulogun
566,The Bonehunters,Gumble
567,The Bonehunters,Apsalar
568,The Bonehunters,Telorast
569,The Bonehunters,Curdle
570,The Bonehunters,Samar Dev
571,The Bonehunters,Karsa Orlong
572,The Bonehunters,Ganath
573,The Bonehunters,Spite
574,The Bonehunters,Corabb Bhilan Thenu'alas
575,The Bonehunters,Leoman of the Flails
576,The Bonehunters,Dunsparrow
577,The Bonehunters,Karpolan Demesand
578,The Bonehunters,Torahaval Delat
579,The Bonehunters,Cutter
580,The Bonehunters,Heboric Ghost Hands
581,The Bonehunters,Scillara
582,The Bonehunters,Felisin the Younger
583,The Bonehunters,Greyfrog
584,The Bonehunters,Mappo Runt
585,The Bonehunters,Icarium
586,The Bonehunters,Iskaral Pust
587,The Bonehunters,Mogora
588,The Bonehunters,Taralack Veed
589,The Bonehunters,Dejim Nebrahl
590,The Bonehunters,Trull Sengar
591,The Bonehunters,Onrack the Broken
592,The Bonehunters,Ibra Gholan
593,The Bonehunters,Monok Ochem
594,The Bonehunters,Minala
595,The Bonehunters,Tomad Sengar
596,The Bonehunters,Feather Witch
597,The Bonehunters,Yan Tovis (Twilight)
598,The Bonehunters,Varat Taun
599,The Bonehunters,Taxilian
600,The Bonehunters,Ahlrada Ahn
601,The Bonehunters,Sathbaro Rangar
602,Reaper's Gale,Tehol Beddict
603,Reaper's Gale,Bugg
604,Reaper's Gale,Shurq Elalle
605,Reaper's Gale,Skorgen Kaban
606,Reaper's Gale,Ublala Pung
607,Reaper's Gale,Ormly
608,Reaper's Gale,Rucket
609,Reaper's Gale,Karos Invictad
610,Reaper's Gale,Tanal Yathvanar
611,Reaper's Gale,Rautos Hivanar
612,Reaper's Gale,Venitt Sathad
613,Reaper's Gale,Triban Gnol
614,Reaper's Gale,Nisall
615,Reaper's Gale,Janall
616,Reaper's Gale,Turudal Brizad
617,Reaper's Gale,Janath Anar
618,Reaper's Gale,Sirryn Kanar
619,Reaper's Gale,Brullyg
620,Reaper's Gale,Yedan Derryg (The Watch)
621,Reaper's Gale,"Orbyn ""Truthfinder"""
622,Reaper's Gale,Letur Anict
623,Reaper's Gale,Bivatt
624,Reaper's Gale,Feather Witch
625,Reaper's Gale,Rhulad
626,Reaper's Gale,Hannan Mosag
627,Reaper's Gale,Uruth
628,Reaper's Gale,K'risnan
629,Reaper's Gale,Bruthen Trana
630,Reaper's Gale,Brohl Handar
631,Reaper's Gale,Yan Tovis (Twilight)
632,Reaper's Gale,Varat Taun
633,Reaper's Gale,Taralack Veed
634,Reaper's Gale,Icarium
635,Reaper's Gale,Hanradi Khalag
636,Reaper's Gale,Tomad Sengar
637,Reaper's Gale,Samar Dev
638,Reaper's Gale,Karsa Orlong
639,Reaper's Gale,Taxilian
640,Reaper's Gale,Redmask
641,Reaper's Gale,Masarch
642,Reaper's Gale,Hadralt
643,Reaper's Gale,Sag'Churok
644,Reaper's Gale,Gunth Mach
645,Reaper's Gale,Torrent
646,Reaper's Gale,Natarkas
647,Reaper's Gale,Seren Pedac
648,Reaper's Gale,Fear Sengar
649,Reaper's Gale,Kettle
650,Reaper's Gale,Udinaas
651,Reaper's Gale,Wither
652,Reaper's Gale,Silchas Ruin
653,Reaper's Gale,Ulshun Pral
654,Reaper's Gale,Rud Elalle
655,Reaper's Gale,Hostille Rator
656,Reaper's Gale,Til'Aras Benok
657,Reaper's Gale,Gr'istanas Ish'Ilm
658,Reaper's Gale,Tavore Paran
659,Reaper's Gale,Lostara Yil
660,Reaper's Gale,Keneb
661,Reaper's Gale,Blistig
662,Reaper's Gale,Faradan Sort
663,Reaper's Gale,Madan'tul Rada
664,Reaper's Gale,Grub
665,Reaper's Gale,Beak
666,Reaper's Gale,Fiddler
667,Reaper's Gale,Tarr
668,Reaper's Gale,Koryk
669,Reaper's Gale,Smiles
670,Reaper's Gale,Cuttle
671,Reaper's Gale,Bottle
672,Reaper's Gale,Corabb Bhilan Thenu'alas
673,Reaper's Gale,Gesler
674,Reaper's Gale,Stormy
675,Reaper's Gale,Sands
676,Reaper's Gale,Shortnose
677,Reaper's Gale,Flashwit
678,Reaper's Gale,Uru Hela
679,Reaper's Gale,Mayfly
680,Reaper's Gale,Cord
681,Reaper's Gale,Shard
682,Reaper's Gale,Limp
683,Reaper's Gale,Ebron
684,Reaper's Gale,Crump (Jamber Bole)
685,Reaper's Gale,Sinn
686,Reaper's Gale,Hellian
687,Reaper's Gale,Touchy
688,Reaper's Gale,Brethless
689,Reaper's Gale,Balgrid
690,Reaper's Gale,Tavos Pond
691,Reaper's Gale,Maybe
692,Reaper's Gale,Lutes
693,Reaper's Gale,Balm
694,Reaper's Gale,Deadsmell
695,Reaper's Gale,Throatslitter
696,Reaper's Gale,Galt
697,Reaper's Gale,Lobe
698,Reaper's Gale,Widdershins
699,Reaper's Gale,Thom Tissy
700,Reaper's Gale,Tulip
701,Reaper's Gale,Ramp
702,Reaper's Gale,Jibb
703,Reaper's Gale,Gullstream
704,Reaper's Gale,Mudslinger
705,Reaper's Gale,Bellig Harn
706,Reaper's Gale,Urb
707,Reaper's Gale,Reem
708,Reaper's Gale,Masan Gilani
709,Reaper's Gale,Bowl
710,Reaper's Gale,Hanno
711,Reaper's Gale,Saltlick
712,Reaper's Gale,Scant
713,Reaper's Gale,Pravalak Rim
714,Reaper's Gale,Honey
715,Reaper's Gale,Strap Mull
716,Reaper's Gale,Shoaly
717,Reaper's Gale,Lookback
718,Reaper's Gale,Badan Gruk
719,Reaper's Gale,Ruffle
720,Reaper's Gale,Skim
721,Reaper's Gale,Nep Furrow
722,Reaper's Gale,Reliko
723,Reaper's Gale,Vastly Blank
724,Reaper's Gale,Primly
725,Reaper's Gale,Hunt
726,Reaper's Gale,Mulvan Dreader
727,Reaper's Gale,Neller
728,Reaper's Gale,Skulldeath
729,Reaper's Gale,Drawfirst
730,Reaper's Gale,Banaschar
731,Reaper's Gale,Withal
732,Reaper's Gale,Sandalath Drukorlat
733,Reaper's Gale,Nimander Golit
734,Reaper's Gale,Phaed
735,Reaper's Gale,Curdle
736,Reaper's Gale,Telorast
737,Reaper's Gale,Onrack
738,Reaper's Gale,Trull Sengar
739,Reaper's Gale,Ben Adaephon Delat
740,Reaper's Gale,Menandore
741,Reaper's Gale,Sheltatha Lore
742,Reaper's Gale,Sukul Ankhadu
743,Reaper's Gale,Kilmandaros
744,Reaper's Gale,Clip
745,Reaper's Gale,Cotillion
746,Reaper's Gale,Imroth
747,Reaper's Gale,Hedge
748,Reaper's Gale,Old Hunch Arbat
749,Reaper's Gale,Pithy
750,Reaper's Gale,Brevity
751,Reaper's Gale,Pully
752,Reaper's Gale,Skwish
753,Toll the Hounds,Cutter
754,Toll the Hounds,Scillara
755,Toll the Hounds,Iskaral Pust
756,Toll the Hounds,Sister Spite
757,Toll the Hounds,Mogora
758,Toll the Hounds,Barathol Mekhar
759,Toll the Hounds,Chaur
760,Toll the Hounds,Mappo Runt
761,Toll the Hounds,Picker
762,Toll the Hounds,Blend
763,Toll the Hounds,Antsy
764,Toll the Hounds,Mallet
765,Toll the Hounds,Bluepearl
766,Toll the Hounds,Fisher
767,Toll the Hounds,Duiker
768,Toll the Hounds,Bellam Nom
769,Toll the Hounds,Rallick Nom
770,Toll the Hounds,Torvald Nom
771,Toll the Hounds,Tiserra
772,Toll the Hounds,Coll
773,Toll the Hounds,Estraysian D'Arle
774,Toll the Hounds,Hanut Orr
775,Toll the Hounds,Shardan Lim
776,Toll the Hounds,Murillio
777,Toll the Hounds,Kruppe
778,Toll the Hounds,Meese
779,Toll the Hounds,Irilta
780,Toll the Hounds,Scurve
781,Toll the Hounds,Sulty
782,Toll the Hounds,Challice
783,Toll the Hounds,Gorlas Vidikas
784,Toll the Hounds,Krute of Talient
785,Toll the Hounds,Gaz
786,Toll the Hounds,Thordy
787,Toll the Hounds,Master Quell
788,Toll the Hounds,Faint
789,Toll the Hounds,Reccanto Ilk
790,Toll the Hounds,Sweetest Sufferance
791,Toll the Hounds,Glanno Tarp
792,Toll the Hounds,Amby Bole
793,Toll the Hounds,Jula Bole
794,Toll the Hounds,Precious Thimble
795,Toll the Hounds,Gruntle
796,Toll the Hounds,Stonny Menackis
797,Toll the Hounds,Harllo
798,Toll the Hounds,Bedek
799,Toll the Hounds,Myrla
800,Toll the Hounds,Snell
801,Toll the Hounds,Bainisk
802,Toll the Hounds,Venaz
803,Toll the Hounds,Scorch
804,Toll the Hounds,Leff
805,Toll the Hounds,Madrun
806,Toll the Hounds,Lazan Door
807,Toll the Hounds,Studlock
808,Toll the Hounds,Humble Measure
809,Toll the Hounds,Chillbais
810,Toll the Hounds,Baruk
811,Toll the Hounds,Vorcan
812,Toll the Hounds,Seba Krafar
813,Toll the Hounds,Apsal'ara
814,Toll the Hounds,Kadaspala
815,Toll the Hounds,Derudan
816,Toll the Hounds,K'rul
817,Toll the Hounds,Draconus
818,Toll the Hounds,Korlat
819,Toll the Hounds,Orfantal
820,Toll the Hounds,Kallor
821,Toll the Hounds,Lady Envy
822,Toll the Hounds,Anomander Rake
823,Toll the Hounds,Spinnock Durav
824,Toll the Hounds,Endest Silann
825,Toll the Hounds,Caladan Brood
826,Toll the Hounds,Hood
827,Toll the Hounds,Ditch
828,Toll the Hounds,Samar Dev
829,Toll the Hounds,Karsa Orlong
830,Toll the Hounds,Traveller
831,Toll the Hounds,Shadowthrone
832,Toll the Hounds,Cotillion
833,Toll the Hounds,Prophet Seech
834,Toll the Hounds,Silanah
835,Toll the Hounds,Crone
836,Toll the Hounds,Raest
837,Toll the Hounds,Clip
838,Toll the Hounds,Nimander Golit
839,Toll the Hounds,Skintick
840,Toll the Hounds,Nenanda
841,Toll the Hounds,Aranatha
842,Toll the Hounds,Kedeviss
843,Toll the Hounds,Desra
844,Toll the Hounds,Sordiko Qualm
845,Toll the Hounds,Salind
846,Toll the Hounds,Seerdomin
847,Toll the Hounds,Gradithan
848,Toll the Hounds,Monkrat
849,Toll the Hounds,Baran
850,Toll the Hounds,Gear
851,Toll the Hounds,Blind
852,Toll the Hounds,Rood
853,Toll the Hounds,Shan
854,Toll the Hounds,Pallid
855,Toll the Hounds,Lock
856,Toll the Hounds,Edgewalker
857,Toll the Hounds,Dog walkers
858,Dust of Dreams,Adjunct Tavore
859,Dust of Dreams,Quick Ben
860,Dust of Dreams,Keneb
861,Dust of Dreams,Blistig
862,Dust of Dreams,Lostara Yil
863,Dust of Dreams,Banaschar
864,Dust of Dreams,Kindly
865,Dust of Dreams,Skanarow
866,Dust of Dreams,Faradan Sort
867,Dust of Dreams,Ruthan Gudd
868,Dust of Dreams,Fast
869,Dust of Dreams,Untilly Rum
870,Dust of Dreams,Pores
871,Dust of Dreams,Raband
872,Dust of Dreams,Sinn
873,Dust of Dreams,Grub
874,Dust of Dreams,Fiddler
875,Dust of Dreams,Tarr
876,Dust of Dreams,Koryk
877,Dust of Dreams,Smiles
878,Dust of Dreams,Bottle
879,Dust of Dreams,Corabb Bhilan Thenu'alas
880,Dust of Dreams,Cuttle
881,Dust of Dreams,Gesler
882,Dust of Dreams,Stormy
883,Dust of Dreams,Shortnose
884,Dust of Dreams,Flashwit
885,Dust of Dreams,Mayfly
886,Dust of Dreams,Cord
887,Dust of Dreams,Shard
888,Dust of Dreams,Limp
889,Dust of Dreams,Ebron
890,Dust of Dreams,Crump (Jamber Bole)
891,Dust of Dreams,Hellian
892,Dust of Dreams,Touchy
893,Dust of Dreams,Brethless
894,Dust of Dreams,Balgrid
895,Dust of Dreams,Maybe
896,Dust of Dreams,Balm
897,Dust of Dreams,Deadsmell
898,Dust of Dreams,Throatslitter
899,Dust of Dreams,Galt
900,Dust of Dreams,Lobe
901,Dust of Dreams,Widdershins
902,Dust of Dreams,Thom Tissy
903,Dust of Dreams,Tulip
904,Dust of Dreams,Gullstream
905,Dust of Dreams,Urb
906,Dust of Dreams,Reem
907,Dust of Dreams,Masan Gilani
908,Dust of Dreams,Saltlick
909,Dust of Dreams,Scant
910,Dust of Dreams,Sinter
911,Dust of Dreams,Pravalak Rim
912,Dust of Dreams,Honey
913,Dust of Dreams,Strap Mull
914,Dust of Dreams,Shoaly
915,Dust of Dreams,Lookback
916,Dust of Dreams,Badan Gruk
917,Dust of Dreams,Ruffle
918,Dust of Dreams,Skim
919,Dust of Dreams,Nep Furrow
920,Dust of Dreams,Reliko
921,Dust of Dreams,Vastly Blank
922,Dust of Dreams,Primly
923,Dust of Dreams,Kisswhere
924,Dust of Dreams,Hunt
925,Dust of Dreams,Mulvan Dreader
926,Dust of Dreams,Neller
927,Dust of Dreams,Skulldeath
928,Dust of Dreams,Drawfirst
929,Dust of Dreams,Dead Hedge
930,Dust of Dreams,Bavedict
931,Dust of Dreams,Sunrise
932,Dust of Dreams,Nose Stream
933,Dust of Dreams,Sweetlard
934,Dust of Dreams,Rumjugs
935,Dust of Dreams,Gall
936,Dust of Dreams,Hanavat
937,Dust of Dreams,Jarabb
938,Dust of Dreams,Shelemasa
939,Dust of Dreams,Vedith
940,Dust of Dreams,Krughava
941,Dust of Dreams,Tanakalian
942,Dust of Dreams,Run'Thurvian
943,Dust of Dreams,King Tehol
944,Dust of Dreams,Queen Janath
945,Dust of Dreams,Chancellor Bugg
946,Dust of Dreams,Ceda Bugg
947,Dust of Dreams,Treasurer Bugg
948,Dust of Dreams,Yan Tovis (Twilight)
949,Dust of Dreams,Yedan Derryg (The Watch)
950,Dust of Dreams,Brys Beddict
951,Dust of Dreams,Aranict
952,Dust of Dreams,Shurq Elalle
953,Dust of Dreams,Skorgen Kaban
954,Dust of Dreams,Ublala Pung
955,Dust of Dreams,Pully
956,Dust of Dreams,Skwish
957,Dust of Dreams,Brevity
958,Dust of Dreams,Pithy
959,Dust of Dreams,Rucket
960,Dust of Dreams,Ursto Hoobutt
961,Dust of Dreams,Pinosel
962,Dust of Dreams,Warleader Onos Toolan
963,Dust of Dreams,Hetan
964,Dust of Dreams,Stavi
965,Dust of Dreams,Storii
966,Dust of Dreams,Stolmen
967,Dust of Dreams,Cafal
968,Dust of Dreams,Strahl
969,Dust of Dreams,Bakal
970,Dust of Dreams,Maral Eb
971,Dust of Dreams,Ralata
972,Dust of Dreams,Torrent
973,Dust of Dreams,Setoc
974,Dust of Dreams,Rutt
975,Dust of Dreams,Held
976,Dust of Dreams,Badalle
977,Dust of Dreams,Saddic
978,Dust of Dreams,Brayderal
979,Dust of Dreams,Onrack
980,Dust of Dreams,Kilava
981,Dust of Dreams,Ulshun Pral
982,Dust of Dreams,Lera Epar
983,Dust of Dreams,Kalt Urmanal
984,Dust of Dreams,Rystalle Ev
985,Dust of Dreams,Brolos Haran
986,Dust of Dreams,Ilm Absinos
987,Dust of Dreams,Ulag Togtil
988,Dust of Dreams,Nom Kala
989,Dust of Dreams,Inistral Ovan
990,Dust of Dreams,Matron
991,Dust of Dreams,J'an Sentinel
992,Dust of Dreams,K'ell Hunter
993,Dust of Dreams,Gunth Mach
994,Dust of Dreams,K'ell Hunter
995,Dust of Dreams,K'ell Hunter
996,Dust of Dreams,Shi'Gal Assassin
997,Dust of Dreams,Sulkit
998,Dust of Dreams,Kalyth
999,Dust of Dreams,Silchas Ruin
1000,Dust of Dreams,Rud Elalle
1001,Dust of Dreams,Telorast
1002,Dust of Dreams,Curdle
1003,Dust of Dreams,The Errant (Errastas)
1004,Dust of Dreams,Knuckles (Sechul Lath)
1005,Dust of Dreams,Kilmandaros
1006,Dust of Dreams,Mael
1007,Dust of Dreams,Olar Ethil
1008,Dust of Dreams,Udinaas
1009,Dust of Dreams,Sheb
1010,Dust of Dreams,Taxilian
1011,Dust of Dreams,Veed
1012,Dust of Dreams,Asane
1013,Dust of Dreams,Breath
1014,Dust of Dreams,Last
1015,Dust of Dreams,Nappet
1016,Dust of Dreams,Rautos
1017,Dust of Dreams,Sandalath Drukorlat
1018,Dust of Dreams,Withal
1019,Dust of Dreams,Mape
1020,Dust of Dreams,Rind
1021,Dust of Dreams,Pule
1022,Dust of Dreams,Bent
1023,Dust of Dreams,Roach
1024,The Crippled God,Himble Thrup
1025,The Crippled God,Sergeant
1026,The Crippled God,Corporal
1027,The Crippled God,Lap Twirl
1028,The Crippled God,Sad
1029,The Crippled God,Burnt Rope
1030,The Crippled God,Ganoes Paran
1031,The Crippled God,High Mage
1032,The Crippled God,Hurlochel
1033,The Crippled God,Fist
1034,The Crippled God,Captain
1035,The Crippled God,Ormulogun
1036,The Crippled God,Mathok
1037,The Crippled God,T'morol
1038,The Crippled God,Gumble
1039,The Crippled God,Jastara
1040,The Crippled God,Sergeant
1041,The Crippled God,Corporal
1042,The Crippled God,Sharl
1043,The Crippled God,Urugal the Woven
1044,The Crippled God,Thenik the Shattered
1045,The Crippled God,Beroke Soft Voice
1046,The Crippled God,Kahlb the Silent Hunter
1047,The Crippled God,Halad the Giant
1048,The Crippled God,Nimander Golit
1049,The Crippled God,Spinnock Durav
1050,The Crippled God,Korlat
1051,The Crippled God,Skintick
1052,The Crippled God,Desra
1053,The Crippled God,Dathenar Gowl
1054,The Crippled God,Nemanda
1055,The Crippled God,Gathras
1056,The Crippled God,Sanad
1057,The Crippled God,Varandas
1058,The Crippled God,Haut
1059,The Crippled God,Suvalas
1060,The Crippled God,Aimanan
1061,The Crippled God,Hood
1062,The Crippled God,Reverence
1063,The Crippled God,Serenity
1064,The Crippled God,Equity
1065,The Crippled God,Placid
1066,The Crippled God,Diligence
1067,The Crippled God,Abide
1068,The Crippled God,Aloft
1069,The Crippled God,Calm
1070,The Crippled God,Belie
1071,The Crippled God,Freedom
1072,The Crippled God,Grave
1073,The Crippled God,Amiss
1074,The Crippled God,Exigent
1075,The Crippled God,Hestand
1076,The Crippled God,Festian
1077,The Crippled God,Kessgan
1078,The Crippled God,Trissin
1079,The Crippled God,Melest
1080,The Crippled God,Haggraf
1081,The Crippled God,Kadagar Fant
1082,The Crippled God,Aparal Forge
1083,The Crippled God,Iparth Erule
1084,The Crippled God,Gaelar Throe
1085,The Crippled God,Eldat Pressan
1086,The Crippled God,Absi
1087,The Crippled God,Spultatha
1088,The Crippled God,K'rul
1089,The Crippled God,Kaminsod
1090,The Crippled God,Munug
1091,The Crippled God,Silannah
1092,The Crippled God,Apsal'ara
1093,The Crippled God,Tulas Shorn
1094,The Crippled God,D'rek
1095,The Crippled God,Gallimada
1096,The Crippled God,Korabas
1097,Night of Knives,Emperor Kellanved
1098,Night of Knives,Dancer
1099,Night of Knives,Surly
1100,Night of Knives,Tayschrenn
1101,Night of Knives,Temper
1102,Night of Knives,Corinn
1103,Night of Knives,Ash
1104,Night of Knives,Seal
1105,Night of Knives,Dassem Ultor
1106,Night of Knives,Chase
1107,Night of Knives,Hattar
1108,Night of Knives,Ferrule
1109,Night of Knives,Possum
1110,Night of Knives,Coop
1111,Night of Knives,Anji
1112,Night of Knives,Kiska
1113,Night of Knives,Lubben
1114,Night of Knives,Fisherman
1115,Night of Knives,Agayla
1116,Night of Knives,Trenech
1117,Night of Knives,Faro Balkat
1118,Night of Knives,Obo
1119,Night of Knives,Edgewalker
1120,Night of Knives,Jhedel
1121,Night of Knives,Oleg Vikat
1122,Night of Knives,Surgen Ress
1123,Night of Knives,Pralt
1124,Night of Knives,Jhenna
1125,Return of the Crimson Guard,Laseen
1126,Return of the Crimson Guard,High Fist Anand
1127,Return of the Crimson Guard,Havva Gulen
1128,Return of the Crimson Guard,Korbolo Dom
1129,Return of the Crimson Guard,Possum
1130,Return of the Crimson Guard,Mallick Rel
1131,Return of the Crimson Guard,Atelen Tinsmith
1132,Return of the Crimson Guard,Rigit Hands
1133,Return of the Crimson Guard,Nait
1134,Return of the Crimson Guard,Heuk
1135,Return of the Crimson Guard,Honey Boy
1136,Return of the Crimson Guard,Least
1137,Return of the Crimson Guard,Coil
1138,Return of the Crimson Guard,Lady Batevari
1139,Return of the Crimson Guard,Oryan
1140,Return of the Crimson Guard,Taya Radok
1141,Return of the Crimson Guard,Harmin Els D'Shil
1142,Return of the Crimson Guard,Gujran
1143,Return of the Crimson Guard,Banath
1144,Return of the Crimson Guard,Fallow
1145,Return of the Crimson Guard,Storo Matash
1146,Return of the Crimson Guard,Shaky
1147,Return of the Crimson Guard,Hurl
1148,Return of the Crimson Guard,Sunny
1149,Return of the Crimson Guard,Silk
1150,Return of the Crimson Guard,Jalor
1151,Return of the Crimson Guard,Rell
1152,Return of the Crimson Guard,Magistrate Ehrlann
1153,Return of the Crimson Guard,Jamaer
1154,Return of the Crimson Guard,Magistrate Plengyllen
1155,Return of the Crimson Guard,Liss
1156,Return of the Crimson Guard,Ahl
1157,Return of the Crimson Guard,Nevall Od' Orr
1158,Return of the Crimson Guard,Groten
1159,Return of the Crimson Guard,Toc the Elder
1160,Return of the Crimson Guard,Wildman
1161,Return of the Crimson Guard,Imotan
1162,Return of the Crimson Guard,Hipal
1163,Return of the Crimson Guard,Captain Moss
1164,Return of the Crimson Guard,Redden Brokeleg
1165,Return of the Crimson Guard,Ortal
1166,Return of the Crimson Guard,Rillish Jal Keth
1167,Return of the Crimson Guard,Chord
1168,Return of the Crimson Guard,Talia
1169,Return of the Crimson Guard,Clearwater
1170,Return of the Crimson Guard,Nil
1171,Return of the Crimson Guard,Nether
1172,Return of the Crimson Guard,Mane
1173,Return of the Crimson Guard,Udep
1174,Return of the Crimson Guard,Ho (Hothalar)
1175,Return of the Crimson Guard,Yathengar 'ul Amal
1176,Return of the Crimson Guard,Sessin
1177,Return of the Crimson Guard,Grief
1178,Return of the Crimson Guard,Treat
1179,Return of the Crimson Guard,Devaleth
1180,Return of the Crimson Guard,Su
1181,Return of the Crimson Guard,Ghelel Rhik Tayliin
1182,Return of the Crimson Guard,Amaron
1183,Return of the Crimson Guard,Choss
1184,Return of the Crimson Guard,Marquis Jhardin
1185,Return of the Crimson Guard,Prevost Razala
1186,Return of the Crimson Guard,Molk
1187,Return of the Crimson Guard,K'azz D'Avore
1188,Return of the Crimson Guard,Skinner
1189,Return of the Crimson Guard,Mara
1190,Return of the Crimson Guard,Gwynn
1191,Return of the Crimson Guard,Petal
1192,Return of the Crimson Guard,Kalt
1193,Return of the Crimson Guard,Farese
1194,Return of the Crimson Guard,Hist
1195,Return of the Crimson Guard,Shijel
1196,Return of the Crimson Guard,Black the Lesser
1197,Return of the Crimson Guard,Shimmer
1198,Return of the Crimson Guard,Cowl
1199,Return of the Crimson Guard,Stoop
1200,Return of the Crimson Guard,Smoky
1201,Return of the Crimson Guard,Shellarr
1202,Return of the Crimson Guard,Blues
1203,Return of the Crimson Guard,Fingers
1204,Return of the Crimson Guard,Opal
1205,Return of the Crimson Guard,Isha
1206,Return of the Crimson Guard,Keitil
1207,Return of the Crimson Guard,Cole
1208,Return of the Crimson Guard,Treat
1209,Return of the Crimson Guard,Dim
1210,Return of the Crimson Guard,Reed
1211,Return of the Crimson Guard,Amatt
1212,Return of the Crimson Guard,Sept
1213,Return of the Crimson Guard,Lazar
1214,Return of the Crimson Guard,Halfdan
1215,Return of the Crimson Guard,Lean
1216,Return of the Crimson Guard,Inese
1217,Return of the Crimson Guard,Turgal
1218,Return of the Crimson Guard,Tarkhan
1219,Return of the Crimson Guard,Lor-sinn
1220,Return of the Crimson Guard,Sour
1221,Return of the Crimson Guard,Toby
1222,Return of the Crimson Guard,Balkin
1223,Return of the Crimson Guard,Lacy
1224,Return of the Crimson Guard,Black
1225,Return of the Crimson Guard,Baker
1226,Return of the Crimson Guard,Janeth
1227,Return of the Crimson Guard,Slate
1228,Return of the Crimson Guard,Bower
1229,Return of the Crimson Guard,Lucky
1230,Return of the Crimson Guard,Cal-Brinn
1231,Return of the Crimson Guard,Iron Bars
1232,Return of the Crimson Guard,Jup Alat
1233,Return of the Crimson Guard,Sergeant Trench
1234,Return of the Crimson Guard,Corlo
1235,Return of the Crimson Guard,Voss
1236,Return of the Crimson Guard,Ambrose
1237,Return of the Crimson Guard,Palla
1238,Return of the Crimson Guard,Lurgman Parsell
1239,Return of the Crimson Guard,Jaris
1240,Return of the Crimson Guard,Pilgrim
1241,Return of the Crimson Guard,Ogilvy
1242,Return of the Crimson Guard,Bakar
1243,Return of the Crimson Guard,Tolt
1244,Return of the Crimson Guard,Meek
1245,Return of the Crimson Guard,Harman
1246,Return of the Crimson Guard,Grere
1247,Return of the Crimson Guard,Geddin
1248,Return of the Crimson Guard,Boll
1249,Return of the Crimson Guard,Stalker
1250,Return of the Crimson Guard,Badlands
1251,Return of the Crimson Guard,Coots
1252,Return of the Crimson Guard,Kyle
1253,Return of the Crimson Guard,Urko Crust
1254,Return of the Crimson Guard,V'thell
1255,Return of the Crimson Guard,Choss
1256,Return of the Crimson Guard,Toc the Elder
1257,Return of the Crimson Guard,Amaron
1258,Return of the Crimson Guard,Ullen Khadeve
1259,Return of the Crimson Guard,Bala Jesselt
1260,Return of the Crimson Guard,Eselen Tonley
1261,Return of the Crimson Guard,Orlat Kepten
1262,Return of the Crimson Guard,Liossercal
1263,Return of the Crimson Guard,Anomandaris
1264,Return of the Crimson Guard,Jhest Golanjar
1265,Return of the Crimson Guard,Shen
1266,Return of the Crimson Guard,Tayschrenn
1267,Return of the Crimson Guard,D'Ebbin
1268,Return of the Crimson Guard,Braven Tooth
1269,Return of the Crimson Guard,Temp
1270,Return of the Crimson Guard,Blossom
1271,Return of the Crimson Guard,Tourmaline
1272,Return of the Crimson Guard,Cartharon Crust
1273,Return of the Crimson Guard,Denuth
1274,Return of the Crimson Guard,Draconus
1275,Return of the Crimson Guard,Ereko
1276,Return of the Crimson Guard,Greymane
1277,Return of the Crimson Guard,Lim Tal
1278,Return of the Crimson Guard,Traveller
1279,Return of the Crimson Guard,Ragman / Tatterdemalion
1280,Stonewielder,Greymane / Orjin Samarr
1281,Stonewielder,Kyle
1282,Stonewielder,Nok
1283,Stonewielder,Swirl
1284,Stonewielder,Rillish Jal Keth
1285,Stonewielder,Khemet Shul
1286,Stonewielder,Devaleth
1287,Stonewielder,Betteries
1288,Stonewielder,Goss
1289,Stonewielder,Pyke
1290,Stonewielder,Yana
1291,Stonewielder,Suth
1292,Stonewielder,Lard
1293,Stonewielder,Dim
1294,Stonewielder,Wess
1295,Stonewielder,Len
1296,Stonewielder,Keri
1297,Stonewielder,Faro
1298,Stonewielder,Urfa
1299,Stonewielder,Twofoot
1300,Stonewielder,Coral
1301,Stonewielder,Tolat
1302,Stonewielder,Yeull 'ul Taith
1303,Stonewielder,Uss√º
1304,Stonewielder,Borun
1305,Stonewielder,Enesh-jer
1306,Stonewielder,Hiam
1307,Stonewielder,Quint
1308,Stonewielder,Shool
1309,Stonewielder,Toral Stimins
1310,Stonewielder,Iron Bars
1311,Stonewielder,Corlo
1312,Stonewielder,Jemain
1313,Stonewielder,Hagen
1314,Stonewielder,Tollen
1315,Stonewielder,Bakune
1316,Stonewielder,Karien'el
1317,Stonewielder,Hyuke
1318,Stonewielder,Puller
1319,Stonewielder,Starvann Arl
1320,Stonewielder,Ipshank
1321,Stonewielder,Manask
1322,Stonewielder,Beneth
1323,Stonewielder,Hegil Lesour 'an 'al
1324,Stonewielder,Martal
1325,Stonewielder,Ivanr
1326,Stonewielder,Carr
1327,Stonewielder,Blues
1328,Stonewielder,Fingers
1329,Stonewielder,Lazar
1330,Stonewielder,Shell
1331,Stonewielder,Totsin Jurth the Third
1332,Stonewielder,Brother Carfin
1333,Stonewielder,Sister Gosh
1334,Stonewielder,Sister Esa
1335,Stonewielder,Sister Nebras
1336,Stonewielder,Brother Jool
1337,Stonewielder,Kiska
1338,Stonewielder,Jheval
1339,Stonewielder,Orzu
1340,Stonewielder,Ena
1341,Orb Sceptre Throne,Coll
1342,Orb Sceptre Throne,Rallick Nom
1343,Orb Sceptre Throne,Krute
1344,Orb Sceptre Throne,Scholar Ebbin
1345,Orb Sceptre Throne,Humble Measure
1346,Orb Sceptre Throne,Torvald Nom
1347,Orb Sceptre Throne,Tiserra
1348,Orb Sceptre Throne,Jeshin Lim
1349,Orb Sceptre Throne,Redda Orr
1350,Orb Sceptre Throne,Barathol Mekhar
1351,Orb Sceptre Throne,Scillara
1352,Orb Sceptre Throne,Vorcan Radok / Lady Varada
1353,Orb Sceptre Throne,Lady Envy
1354,Orb Sceptre Throne,Leff
1355,Orb Sceptre Throne,Scorch
1356,Orb Sceptre Throne,Picker
1357,Orb Sceptre Throne,Blend
1358,Orb Sceptre Throne,Spindle
1359,Orb Sceptre Throne,Duiker
1360,Orb Sceptre Throne,Fisher
1361,Orb Sceptre Throne,Madrun
1362,Orb Sceptre Throne,Lazan Door
1363,Orb Sceptre Throne,Thurule
1364,Orb Sceptre Throne,Studlock / Studious Lock
1365,Orb Sceptre Throne,Baruk
1366,Orb Sceptre Throne,Taya
1367,Orb Sceptre Throne,Hinter
1368,Orb Sceptre Throne,Aman
1369,Orb Sceptre Throne,Derudan
1370,Orb Sceptre Throne,Meese
1371,Orb Sceptre Throne,Sulty
1372,Orb Sceptre Throne,Scurve
1373,Orb Sceptre Throne,Jess
1374,Orb Sceptre Throne,Chud
1375,Orb Sceptre Throne,Kruppe
1376,Orb Sceptre Throne,Malakai
1377,Orb Sceptre Throne,Antsy
1378,Orb Sceptre Throne,Jallin 'Jumper'
1379,Orb Sceptre Throne,Orchid
1380,Orb Sceptre Throne,Corien Lim
1381,Orb Sceptre Throne,Jan
1382,Orb Sceptre Throne,Gall
1383,Orb Sceptre Throne,Palla
1384,Orb Sceptre Throne,Lo
1385,Orb Sceptre Throne,Oru
1386,Orb Sceptre Throne,Iralt
1387,Orb Sceptre Throne,Shun
1388,Orb Sceptre Throne,Ira
1389,Orb Sceptre Throne,Beru
1390,Orb Sceptre Throne,Horul
1391,Orb Sceptre Throne,Sall
1392,Orb Sceptre Throne,Sengen
1393,Orb Sceptre Throne,Leoman / Jheval
1394,Orb Sceptre Throne,Kiska
1395,Orb Sceptre Throne,Then-aj-Ehliel / Thenaj
1396,Orb Sceptre Throne,Maker
1397,Orb Sceptre Throne,Korus
1398,Orb Sceptre Throne,Aragan
1399,Orb Sceptre Throne,Captain Dreshen Harad 'Ul
1400,Orb Sceptre Throne,Fist K'ess
1401,Orb Sceptre Throne,Captain Fal-ej
1402,Orb Sceptre Throne,Fist Steppen
1403,Orb Sceptre Throne,Sergeant Hektar
1404,Orb Sceptre Throne,Corporal Little
1405,Orb Sceptre Throne,Bone
1406,Orb Sceptre Throne,Bendan
1407,Orb Sceptre Throne,Tarat
1408,Orb Sceptre Throne,Torn
1409,Orb Sceptre Throne,Galene
1410,Orb Sceptre Throne,Yusek
1411,Orb Sceptre Throne,Caladan Brood
1412,Orb Sceptre Throne,Jiwan
1413,Orb Sceptre Throne,Tserig
1414,Orb Sceptre Throne,Cull Heel
1415,Orb Sceptre Throne,Morn
1416,Blood and Bone,Saeng
1417,Blood and Bone,Hanu
1418,Blood and Bone,Oroth-en
1419,Blood and Bone,Ursa
1420,Blood and Bone,Kenjak Ashevajak
1421,Blood and Bone,Loor-San
1422,Blood and Bone,Myint
1423,Blood and Bone,Thet-mun
1424,Blood and Bone,Golan
1425,Blood and Bone,U-Pre
1426,Blood and Bone,Thorn
1427,Blood and Bone,Waris
1428,Blood and Bone,Pon-lor
1429,Blood and Bone,Tun
1430,Blood and Bone,Surin
1431,Blood and Bone,Rutana
1432,Blood and Bone,Nagal
1433,Blood and Bone,Citravaghra
1434,Blood and Bone,Varakapi
1435,Blood and Bone,Jatal
1436,Blood and Bone,Andanii
1437,Blood and Bone,Ganell
1438,Blood and Bone,Sher' Tal
1439,Blood and Bone,Pinal
1440,Blood and Bone,The Warleader
1441,Blood and Bone,Scarza
1442,Blood and Bone,K'azz D'Avore
1443,Blood and Bone,Shimmer
1444,Blood and Bone,Gwynn
1445,Blood and Bone,Lor-sinn
1446,Blood and Bone,Turgal
1447,Blood and Bone,Cole
1448,Blood and Bone,Amatt
1449,Blood and Bone,Skinner
1450,Blood and Bone,Jacinth
1451,Blood and Bone,Mara
1452,Blood and Bone,Petal
1453,Blood and Bone,Red
1454,Blood and Bone,Shijel
1455,Blood and Bone,Black the Lesser
1456,Blood and Bone,Hist
1457,Blood and Bone,Leuthan
1458,Blood and Bone,Yusen
1459,Blood and Bone,Burastan
1460,Blood and Bone,Murk
1461,Blood and Bone,Sour
1462,Blood and Bone,Ostler
1463,Blood and Bone,Tanner
1464,Blood and Bone,Dee
1465,Blood and Bone,Sweetly
1466,Blood and Bone,Ardata
1467,Blood and Bone,The Queen of Dreams
1468,Blood and Bone,Ina
1469,Blood and Bone,The Witch Queen
1470,Blood and Bone,Old Man Moon
1471,Blood and Bone,Ripan
1472,Blood and Bone,Sister Spite
1473,Blood and Bone,Osserc
1474,Blood and Bone,L'oric
1475,Blood and Bone,Gothos
1476,Assail,Kyle
1477,Assail,Tulan Orbed
1478,Assail,Reuth
1479,Assail,Storval
1480,Assail,Gren
1481,Assail,Orman
1482,Assail,Old Bear
1483,Assail,Keth
1484,Assail,Gerrun
1485,Assail,King Ronal
1486,Assail,Lotji Bain
1487,Assail,Buri
1488,Assail,Jaochim
1489,Assail,Yrain
1490,Assail,Vala
1491,Assail,Jass
1492,Assail,Bernal Heavyhand
1493,Assail,Cull Heel
1494,Assail,Yullveig
1495,Assail,Erta
1496,Assail,Baran
1497,Assail,Marshal Teal
1498,Assail,Enguf the Broad
1499,Assail,Malle of Gris
1500,Assail,Holden of Cawn
1501,Assail,Alca of Cat
1502,Assail,Burl Tardin
1503,Assail,Whellen
1504,Assail,Gaff
1505,Assail,Jute Hernan
1506,Assail,Ieleen
1507,Assail,Lurjen
1508,Assail,Buen
1509,Assail,Letita
1510,Assail,Dulat
1511,Assail,Tyvar Gendarian
1512,Assail,Haagen Vantall
1513,Assail,Cartheron Crust
1514,Assail,Orothos
1515,Assail,Timmel Orosenn
1516,Assail,Velmar
1517,Assail,Ut'el Anag
1518,Assail,Lanas Tog
1519,Assail,Tolb Bell'al
1520,Assail,Pran Chole
1521,Assail,K'azz D'Avore
1522,Assail,Shimmer
1523,Assail,Blues
1524,Assail,Tarkhan
1525,Assail,Bars
1526,Assail,Cowl
1527,Assail,Gwynn
1528,Assail,Petal
1529,Assail,Black the Elder
1530,Assail,Black the Lesser
1531,Assail,Sept
1532,Assail,Cole
1533,Assail,Amatt
1534,Assail,Lean
1535,Assail,Keel
1536,Assail,Turgal
1537,Assail,Cal-Brinn
1538,Assail,Jup Alat
1539,Assail,Laurel
1540,Assail,Leena
1541,Assail,Ghelath Keer
1542,Assail,Havvin
1543,Assail,Levin
1544,Assail,Silverfox
1545,Assail,Luthal Canar
1546,Assail,Lyan
1547,Assail,Dorrin
1548,Assail,Fisher kel Tath
1549,Assail,Jethiss
1550,Assail,Kilava
1551,Assail,Mist
1552,Assail,Anger
1553,Assail,The Sharrs
1554,Assail,The Sheers
1555,Assail,Giana Jalaz
